<?xml version="1.0" encoding="UTF-8"?><?xml-stylesheet type='text/xsl' href='_UpgradeReport_Files/UpgradeReport.xslt'?><UpgradeLog>
<Properties><Property Name="Solution" Value="BookCodeXBox">
</Property><Property Name="Solution File" Value="C:\Documents and Settings\riemer\My Documents\Visual Studio 2008\XNA 3.0 Recipes\Chapter02\5_In_sight\Single_model\BookCodeXBox.sln">
</Property><Property Name="User Options File" Value="C:\Documents and Settings\riemer\My Documents\Visual Studio 2008\XNA 3.0 Recipes\Chapter02\5_In_sight\Single_model\BookCodeXBox.suo">
</Property><Property Name="Date" Value="zaterdag 21 februari 2009">
</Property><Property Name="Time" Value="15:37">
</Property><Property Name="Log Number" Value="2">
</Property></Properties><Event ErrorLevel="0" Project="" Source="BookCodeXBox.sln" Description="File successfully backed up as C:\Documents and Settings\riemer\My Documents\Visual Studio 2008\XNA 3.0 Recipes\Chapter02\5_In_sight\Single_model\Backup1\BookCodeXBox.sln">
</Event><Event ErrorLevel="0" Project="" Source="BookCodeXBox.suo" Description="File successfully backed up as C:\Documents and Settings\riemer\My Documents\Visual Studio 2008\XNA 3.0 Recipes\Chapter02\5_In_sight\Single_model\Backup1\BookCodeXBox.suo">
</Event><Event ErrorLevel="0" Project="BookCodeXBox" Source="BookCode\BookCodeXBox.csproj" Description="Upgraded XNA Game Studio project.">
</Event><Event ErrorLevel="0" Project="BookCodeXBox" Source="BookCode\BookCodeXBox.csproj" Description="Project file successfully backed up as C:\Documents and Settings\riemer\My Documents\Visual Studio 2008\XNA 3.0 Recipes\Chapter02\5_In_sight\Single_model\Backup1\BookCode\BookCodeXBox.csproj">
</Event><Event ErrorLevel="0" Project="BookCodeXBox" Source="BookCode\CoordCross.cs" Description="File successfully backed up as C:\Documents and Settings\riemer\My Documents\Visual Studio 2008\XNA 3.0 Recipes\Chapter02\5_In_sight\Single_model\Backup1\BookCode\CoordCross.cs">
</Event><Event ErrorLevel="0" Project="BookCodeXBox" Source="BookCode\Properties\AssemblyInfo.cs" Description="File successfully backed up as C:\Documents and Settings\riemer\My Documents\Visual Studio 2008\XNA 3.0 Recipes\Chapter02\5_In_sight\Single_model\Backup1\BookCode\Properties\AssemblyInfo.cs">
</Event><Event ErrorLevel="0" Project="BookCodeXBox" Source="BookCode\Program.cs" Description="File successfully backed up as C:\Documents and Settings\riemer\My Documents\Visual Studio 2008\XNA 3.0 Recipes\Chapter02\5_In_sight\Single_model\Backup1\BookCode\Program.cs">
</Event><Event ErrorLevel="0" Project="BookCodeXBox" Source="BookCode\Game1.cs" Description="File successfully backed up as C:\Documents and Settings\riemer\My Documents\Visual Studio 2008\XNA 3.0 Recipes\Chapter02\5_In_sight\Single_model\Backup1\BookCode\Game1.cs">
</Event><Event ErrorLevel="0" Project="BookCodeXBox" Source="BookCode\QuakeCamera.cs" Description="File successfully backed up as C:\Documents and Settings\riemer\My Documents\Visual Studio 2008\XNA 3.0 Recipes\Chapter02\5_In_sight\Single_model\Backup1\BookCode\QuakeCamera.cs">
</Event><Event ErrorLevel="0" Project="BookCodeXBox" Source="BookCode\XNAUtils.cs" Description="File successfully backed up as C:\Documents and Settings\riemer\My Documents\Visual Studio 2008\XNA 3.0 Recipes\Chapter02\5_In_sight\Single_model\Backup1\BookCode\XNAUtils.cs">
</Event><Event ErrorLevel="0" Project="BookCodeXBox" Source="BookCode\GameThumbnail.png" Description="File successfully backed up as C:\Documents and Settings\riemer\My Documents\Visual Studio 2008\XNA 3.0 Recipes\Chapter02\5_In_sight\Single_model\Backup1\BookCode\GameThumbnail.png">
</Event><Event ErrorLevel="0" Project="BookCodeXBox" Source="BookCode\BookCodeXBox.csproj" Description="Project converted successfully">
</Event><Event ErrorLevel="3" Project="BookCodeXBox" Source="BookCode\BookCodeXBox.csproj" Description="Converted">
</Event><Event ErrorLevel="0" Project="" Source="BookCodeXBox.sln" Description="Solution converted successfully">
</Event><Event ErrorLevel="3" Project="" Source="BookCodeXBox.sln" Description="Converted">
</Event><Event ErrorLevel="0" Project="BookCodeXBox" Source="BookCode\BookCodeXBox.csproj" Description="Scan complete: Upgrade not required for project files.">
</Event><Event ErrorLevel="0" Project="BookCodeXBox" Source="BookCode\BookCodeXBox.csproj" Description="Upgraded XNA Framework References.">
</Event><Event ErrorLevel="0" Project="Content" Source="Content.contentproj" Description="Copied XNA Game Studio Content Project content to backup location.">
</Event><Event ErrorLevel="0" Project="Content" Source="Ship.fbx" Description="Copied XNA Game Studio Content Project content to backup location.">
</Event><Event ErrorLevel="0" Project="Content" Source="ShipDiffuse.tga" Description="Copied XNA Game Studio Content Project content to backup location.">
</Event></UpgradeLog>