<?xml version="1.0" encoding="UTF-8"?><?xml-stylesheet type='text/xsl' href='_UpgradeReport_Files/UpgradeReport.xslt'?><UpgradeLog>
<Properties><Property Name="Solution" Value="BookCodeWin">
</Property><Property Name="Solution File" Value="C:\Documents and Settings\riemer\My Documents\Visual Studio 2008\XNA 3.0 Recipes\Chapter02\5_In_sight\Single_model\BookCodeWin.sln">
</Property><Property Name="User Options File" Value="C:\Documents and Settings\riemer\My Documents\Visual Studio 2008\XNA 3.0 Recipes\Chapter02\5_In_sight\Single_model\BookCodeWin.suo">
</Property><Property Name="Date" Value="zaterdag 21 februari 2009">
</Property><Property Name="Time" Value="15:36">
</Property></Properties><Event ErrorLevel="0" Project="" Source="BookCodeWin.sln" Description="File successfully backed up as C:\Documents and Settings\riemer\My Documents\Visual Studio 2008\XNA 3.0 Recipes\Chapter02\5_In_sight\Single_model\Backup\BookCodeWin.sln">
</Event><Event ErrorLevel="0" Project="" Source="BookCodeWin.suo" Description="File successfully backed up as C:\Documents and Settings\riemer\My Documents\Visual Studio 2008\XNA 3.0 Recipes\Chapter02\5_In_sight\Single_model\Backup\BookCodeWin.suo">
</Event><Event ErrorLevel="0" Project="BookCodeWin" Source="BookCode\BookCodeWin.csproj" Description="Upgraded XNA Game Studio nested content projects.">
</Event><Event ErrorLevel="0" Project="BookCodeWin" Source="BookCode\BookCodeWin.csproj" Description="Upgraded XNA Game Studio project.">
</Event><Event ErrorLevel="0" Project="BookCodeWin" Source="BookCode\BookCodeWin.csproj" Description="Project file successfully backed up as C:\Documents and Settings\riemer\My Documents\Visual Studio 2008\XNA 3.0 Recipes\Chapter02\5_In_sight\Single_model\Backup\BookCode\BookCodeWin.csproj">
</Event><Event ErrorLevel="0" Project="BookCodeWin" Source="BookCode\CoordCross.cs" Description="File successfully backed up as C:\Documents and Settings\riemer\My Documents\Visual Studio 2008\XNA 3.0 Recipes\Chapter02\5_In_sight\Single_model\Backup\BookCode\CoordCross.cs">
</Event><Event ErrorLevel="0" Project="BookCodeWin" Source="BookCode\Properties\AssemblyInfo.cs" Description="File successfully backed up as C:\Documents and Settings\riemer\My Documents\Visual Studio 2008\XNA 3.0 Recipes\Chapter02\5_In_sight\Single_model\Backup\BookCode\Properties\AssemblyInfo.cs">
</Event><Event ErrorLevel="0" Project="BookCodeWin" Source="BookCode\Program.cs" Description="File successfully backed up as C:\Documents and Settings\riemer\My Documents\Visual Studio 2008\XNA 3.0 Recipes\Chapter02\5_In_sight\Single_model\Backup\BookCode\Program.cs">
</Event><Event ErrorLevel="0" Project="BookCodeWin" Source="BookCode\Game1.cs" Description="File successfully backed up as C:\Documents and Settings\riemer\My Documents\Visual Studio 2008\XNA 3.0 Recipes\Chapter02\5_In_sight\Single_model\Backup\BookCode\Game1.cs">
</Event><Event ErrorLevel="0" Project="BookCodeWin" Source="BookCode\QuakeCamera.cs" Description="File successfully backed up as C:\Documents and Settings\riemer\My Documents\Visual Studio 2008\XNA 3.0 Recipes\Chapter02\5_In_sight\Single_model\Backup\BookCode\QuakeCamera.cs">
</Event><Event ErrorLevel="0" Project="BookCodeWin" Source="BookCode\XNAUtils.cs" Description="File successfully backed up as C:\Documents and Settings\riemer\My Documents\Visual Studio 2008\XNA 3.0 Recipes\Chapter02\5_In_sight\Single_model\Backup\BookCode\XNAUtils.cs">
</Event><Event ErrorLevel="0" Project="BookCodeWin" Source="BookCode\Game.ico" Description="File successfully backed up as C:\Documents and Settings\riemer\My Documents\Visual Studio 2008\XNA 3.0 Recipes\Chapter02\5_In_sight\Single_model\Backup\BookCode\Game.ico">
</Event><Event ErrorLevel="0" Project="BookCodeWin" Source="BookCode\GameThumbnail.png" Description="File successfully backed up as C:\Documents and Settings\riemer\My Documents\Visual Studio 2008\XNA 3.0 Recipes\Chapter02\5_In_sight\Single_model\Backup\BookCode\GameThumbnail.png">
</Event><Event ErrorLevel="0" Project="BookCodeWin" Source="BookCode\BookCodeWin.csproj" Description="Project converted successfully">
</Event><Event ErrorLevel="3" Project="BookCodeWin" Source="BookCode\BookCodeWin.csproj" Description="Converted">
</Event><Event ErrorLevel="0" Project="" Source="BookCodeWin.sln" Description="Solution converted successfully">
</Event><Event ErrorLevel="3" Project="" Source="BookCodeWin.sln" Description="Converted">
</Event><Event ErrorLevel="0" Project="BookCodeWin" Source="BookCode\BookCodeWin.csproj" Description="Scan complete: Upgrade not required for project files.">
</Event><Event ErrorLevel="0" Project="BookCodeWin" Source="BookCode\BookCodeWin.csproj" Description="Upgraded XNA Framework References.">
</Event><Event ErrorLevel="0" Project="Content" Source="Content.contentproj" Description="Copied XNA Game Studio Content Project content to backup location.">
</Event><Event ErrorLevel="0" Project="Content" Source="Ship.fbx" Description="Copied XNA Game Studio Content Project content to backup location.">
</Event><Event ErrorLevel="0" Project="Content" Source="ShipDiffuse.tga" Description="Copied XNA Game Studio Content Project content to backup location.">
</Event></UpgradeLog>