﻿<?xml version="1.0" encoding="utf-8" ?>
<SyntaxDictionary>
  <Entry>
    <Name>abs</Name>
    <Description>Absolute value</Description>
    <Syntax>abs #</Syntax>
  </Entry>
  <Entry>
    <Name>add</Name>
    <Description>Add two vectors</Description>
    <Syntax>add # #</Syntax>
  </Entry>
  <Entry>
    <Name>break</Name>
    <Description>Break out of a loop</Description>
    <Syntax>break</Syntax>
  </Entry>
  <Entry>
    <Name>break_comp</Name>
    <Description>Conditionally break out of a loop</Description>
    <Syntax>break_comp</Syntax>
  </Entry>
  <Entry>
    <Name>breakp</Name>
    <Description>Break out of a loop</Description>
    <Syntax>breakp</Syntax>
  </Entry>
  <Entry>
    <Name>call</Name>
    <Description>Call a subroutine</Description>
    <Syntax>call routine_name</Syntax>
  </Entry>
  <Entry>
    <Name>callnz_bool</Name>
    <Description>Call a subroutine if a Boolean register is not zero</Description>
    <Syntax>callnz_bool routine_name</Syntax>
  </Entry>
  <Entry>
    <Name>callnz_pred</Name>
    <Description>Call a subroutine if a predicate register is not zero</Description>
    <Syntax>callnz_pred routine_name</Syntax>
  </Entry>
  <Entry>
    <Name>cos</Name>
    <Description>Cosine</Description>
    <Syntax>cos #</Syntax>
  </Entry>
  <Entry>
    <Name>crs</Name>
    <Description>Cross Product</Description>
    <Syntax>crs #</Syntax>
  </Entry>
  <Entry>
    <Name>dcl</Name>
    <Description>Declare input vertex registers</Description>
    <Syntax>dcl (sm1, sm2, sm3)</Syntax>
  </Entry>
  <Entry>
    <Name>dcl_samplerType</Name>
    <Description>Declare the texture dimension for a sampler</Description>
    <Syntax>dcl_samplerType(sm3)</Syntax>
  </Entry>
  <Entry>
    <Name>def</Name>
    <Description>Define constants</Description>
    <Syntax>def const_name</Syntax>
  </Entry>
  <Entry>
    <Name>defb</Name>
    <Description>Declare a boolean constant</Description>
    <Syntax>defb const_name</Syntax>
  </Entry>
  <Entry>
    <Name>defi</Name>
    <Description>Declare an integer constant</Description>
    <Syntax>defi const_name</Syntax>
  </Entry>
  <Entry>
    <Name>dp3</Name>
    <Description>Three-component dot product</Description>
    <Syntax>dp3 # # #</Syntax>
  </Entry>
  <Entry>
    <Name>dp4</Name>
    <Description>Four component dot product</Description>
    <Syntax>dp4 # # # #</Syntax>
  </Entry>
  <Entry>
    <Name>dst</Name>
    <Description>Distance</Description>
    <Syntax>dst ##</Syntax>
  </Entry>
  <Entry>
    <Name>else</Name>
    <Description>Begin an else block</Description>
    <Syntax>else</Syntax>
  </Entry>
  <Entry>
    <Name>endif</Name>
    <Description>End an if...else block</Description>
    <Syntax>endif</Syntax>
  </Entry>
  <Entry>
    <Name>endloop</Name>
    <Description>End of a loop block</Description>
    <Syntax>endloop</Syntax>
  </Entry>
  <Entry>
    <Name>endrep</Name>
    <Description>End of a repeat block</Description>
    <Syntax>endrep</Syntax>
  </Entry>
  <Entry>
    <Name>exp</Name>
    <Description>Full precision 2^x</Description>
    <Syntax>2expX</Syntax>
  </Entry>
  <Entry>
    <Name>frc</Name>
    <Description>Fractional component</Description>
    <Syntax>frc ##</Syntax>
  </Entry>
  <Entry>
    <Name>if bool</Name>
    <Description>Begin an if bool block</Description>
    <Syntax>if</Syntax>
  </Entry>
  <Entry>
    <Name>if_comp</Name>
    <Description>Begin an if bool block with comparision</Description>
    <Syntax>if</Syntax>
  </Entry>
  <Entry>
    <Name>if_pred</Name>
    <Description>Begin an if block with a predicate condition</Description>
    <Syntax>if</Syntax>
  </Entry>
  <Entry>
    <Name>label</Name>
    <Description>Label</Description>
    <Syntax>Label name</Syntax>
  </Entry>
  <Entry>
    <Name>lit</Name>
    <Description>Calculate lighting</Description>
    <Syntax>lit</Syntax>
  </Entry>
  <Entry>
    <Name>log</Name>
    <Description>Full precision log2(x)</Description>
    <Syntax>log X</Syntax>
  </Entry>
  <Entry>
    <Name>logp</Name>
    <Description>Partial precision log2(x)</Description>
    <Syntax>logp X</Syntax>
  </Entry>
  <Entry>
    <Name>loop</Name>
    <Description>Loop</Description>
    <Syntax>loop</Syntax>
  </Entry>
  <Entry>
    <Name>lrp</Name>
    <Description>Linear interpolation</Description>
    <Syntax>lrp ##</Syntax>
  </Entry>
  <Entry>
    <Name>m3x2</Name>
    <Description>3x2 multiply</Description>
    <Syntax>m3x2(##)</Syntax>
  </Entry>
  <Entry>
    <Name>m3x3</Name>
    <Description>3x3 multiply</Description>
    <Syntax>m3x3(##)</Syntax>
  </Entry>
  <Entry>
    <Name>m3x4</Name>
    <Description>3x4 multiply</Description>
    <Syntax>m3x4(##)</Syntax>
  </Entry>
  <Entry>
    <Name>m4x3</Name>
    <Description>4x3 multiply</Description>
    <Syntax>m4x3(##)</Syntax>
  </Entry>
  <Entry>
    <Name>m4x4</Name>
    <Description>4x4 multiply</Description>
    <Syntax>m4x4(##)</Syntax>
  </Entry>
  <Entry>
    <Name>mad</Name>
    <Description>Multiply and add</Description>
    <Syntax>mad ## ##</Syntax>
  </Entry>
  <Entry>
    <Name>max</Name>
    <Description>Maximum</Description>
    <Syntax>max ##</Syntax>
  </Entry>
  <Entry>
    <Name>min</Name>
    <Description>Minimum</Description>
    <Syntax>min ##</Syntax>
  </Entry>
  <Entry>
    <Name>mov</Name>
    <Description>Move</Description>
    <Syntax>mov ##, ##</Syntax>
  </Entry>
  <Entry>
    <Name>mova</Name>
    <Description>Move data from a floating point register to an integer register</Description>
    <Syntax>mova ##, ##</Syntax>
  </Entry>
  <Entry>
    <Name>mul</Name>
    <Description>Multiply</Description>
    <Syntax>mul ##, ##</Syntax>
  </Entry>
  <Entry>
    <Name>nop</Name>
    <Description>No operation</Description>
    <Syntax>nop</Syntax>
  </Entry>
  <Entry>
    <Name>nrm</Name>
    <Description>Normalize</Description>
    <Syntax>nrm ##</Syntax>
  </Entry>
  <Entry>
    <Name>pow</Name>
    <Description>x^y</Description>
    <Syntax>x pow y</Syntax>
  </Entry>
  <Entry>
    <Name>rcp</Name>
    <Description>Reciprocal</Description>
    <Syntax>rcp ##</Syntax>
  </Entry>
  <Entry>
    <Name>rep</Name>
    <Description>Repeat</Description>
    <Syntax>rep</Syntax>
  </Entry>
  <Entry>
    <Name>ret</Name>
    <Description>End of a subroutine</Description>
    <Syntax>ret</Syntax>
  </Entry>
  <Entry>
    <Name>rsq</Name>
    <Description>Reciprocal square root</Description>
    <Syntax>rsq ##</Syntax>
  </Entry>
  <Entry>
    <Name>setp_comp</Name>
    <Description>Set the predicate register</Description>
    <Syntax>setp_comp ##</Syntax>
  </Entry>
  <Entry>
    <Name>sge</Name>
    <Description>Greater than or equal compare</Description>
    <Syntax>sge ##</Syntax>
  </Entry>
  <Entry>
    <Name>sgn</Name>
    <Description>Sign</Description>
    <Syntax>sgn ##</Syntax>
  </Entry>
  <Entry>
    <Name>sincos</Name>
    <Description>Sine and Cosine</Description>
    <Syntax>sincos ##</Syntax>
  </Entry>
  <Entry>
    <Name>slt</Name>
    <Description>Less than compare</Description>
    <Syntax>slt ##</Syntax>
  </Entry>
  <Entry>
    <Name>sub</Name>
    <Description>Subtract</Description>
    <Syntax>sub ##, ##</Syntax>
  </Entry>
  <Entry>
    <Name>texld</Name>
    <Description>Texture load with user adjustable level of detail</Description>
    <Syntax>texld ##</Syntax>
  </Entry>
  <Entry>
    <Name>vs</Name>
    <Description>Version</Description>
    <Syntax>vs</Syntax>
  </Entry>  
</SyntaxDictionary>
