<?xml version="1.0" encoding="utf-8" ?>
<game>
	<tiles>	   
		<tile>
			<symbol>B</symbol>
			<texture>
				<name>Tiles</name>
				<startX>0</startX>
				<startY>50</startY>
				<width>50</width>
				<height>50</height>
			</texture>
			<properties>
				<walkable>false</walkable>
			</properties>
		</tile>
    <tile>
      <symbol>D</symbol>
      <texture>
        <name>Tiles</name>
        <startX>50</startX>
        <startY>50</startY>
        <width>50</width>
        <height>50</height>
      </texture>
      <properties>
        <walkable>false</walkable>
      </properties>
    </tile>
    <tile>
      <symbol>G</symbol>
      <texture>
        <name>Tiles</name>
        <startX>0</startX>
        <startY>0</startY>
        <width>50</width>
        <height>50</height>
      </texture>
      <properties>
        <walkable>false</walkable>
      </properties>
    </tile>
    <tile>
      <symbol>P</symbol>
      <texture>
        <name>Tiles</name>
        <startX>50</startX>
        <startY>0</startY>
        <width>50</width>
        <height>50</height>
      </texture>
      <properties>
        <walkable>false</walkable>
      </properties>
    </tile>
    <tile>
      <symbol>S</symbol>
      <texture>
        <name>Tiles</name>
        <startX>100</startX>
        <startY>50</startY>
        <width>50</width>
        <height>50</height>
      </texture>
      <properties>
        <walkable>false</walkable>
      </properties>
    </tile>
    <tile>
      <symbol>#</symbol>
      <texture>
        <name>Tiles</name>
        <startX>0</startX>
        <startY>100</startY>
        <width>50</width>
        <height>50</height>
      </texture>
      <properties>
        <walkable>false</walkable>
      </properties>
    </tile>
    <tile>
      <symbol>W</symbol>
      <texture>
        <name>Tiles</name>
        <startX>100</startX>
        <startY>0</startY>
        <width>50</width>
        <height>50</height>
      </texture>
      <properties>
        <walkable>false</walkable>
      </properties>
    </tile>
    <tile>
      <symbol>T</symbol>
      <texture>
        <name>Tiles</name>
        <startX>50</startX>
        <startY>50</startY>
        <width>50</width>
        <height>50</height>
      </texture>
      <properties>
        <walkable>false</walkable>
      </properties>
    </tile>
  </tiles>
	
	<level>
    <name>Level 1</name>
    <tile>
      <startX>0</startX>
      <startY>0</startY>
      <height>35</height>
      <width>40</width>
    </tile>
		<layout>
      <row>WWWWWWWWWWWWWWWWWWWWWWWWWW</row>
      <row>WWBWWWWWWWWW##WWWWWWBBWWWW</row>
      <row>WBBBWWBWWWBB##WWWWBBBBBBBB</row>
      <row>BBBBBBBBBBBB##BBBBBBBBBBBB</row>
      <row>SSSSSSSSSSSSSSSSSSSSSSSSSS</row>
      <row>SSSSSSSSSSSSSSSSSSSSSSSSSS</row>
      <row>GGGG########SSGGGGGGGGGGGG</row>
      <row>GGGG#TTTTTTTSSGGGGGGGGGGGG</row>
      <row>GGGG#TPPPPPPSSGGGGGGGGGGGG</row>
			<row>GGGG#TPPPPPPSSGGGGGGGGGGGG</row>
      <row>GGGG#TPPPPPPSSGGGGGGGGGGGG</row>
      <row>GGGG#TTTTTTTSSGGGGGGGGGGGG</row>
      <row>GGGG########SSGGGGGGGGGGGG</row>
      <row>GGGGGGGGGGGGSSGGGDGGGGDGGG</row>
      <row>GGGGGGGGGGGGSSGDDDGGGDDDDD</row>
      <row>GGGGGGGGGGGGSSGDDDGGGGDDDD</row>
      <row>DDDDDDDDDDDDSSDDDDDDDDDDDD</row>
      <row>DDDDDDDDDDDDSSDDDDDDDDDDDD</row>
     
    </layout>
  </level> 
</game>