<?xml version="1.0" encoding="utf-8" ?>
<game>
	<tiles>
    <tile>
      <symbol>-</symbol>
      <texture>
        <name>PacMan</name>
        <startX>0</startX>
        <startY>0</startY>
        <width>100</width>
        <height>100</height>
      </texture>
      <properties>
        <walkable>false</walkable>
      </properties>
    </tile>
    <tile>
			<symbol>*</symbol>
			<texture>
				<name>PacMan</name>
				<startX>100</startX>
				<startY>0</startY>
				<width>100</width>
				<height>100</height>
			</texture>
			<properties>
				<walkable>false</walkable>
			</properties>
		</tile>
    <tile>
      <symbol>r</symbol>
      <texture>
        <name>PacMan</name>
        <startX>200</startX>
        <startY>0</startY>
        <width>100</width>
        <height>100</height>
      </texture>
      <properties>
        <walkable>false</walkable>
      </properties>
    </tile>
    <tile>
      <symbol>7</symbol>
      <texture>
        <name>PacMan</name>
        <startX>300</startX>
        <startY>0</startY>
        <width>100</width>
        <height>100</height>
      </texture>
      <properties>
        <walkable>false</walkable>
      </properties>
    </tile>
    <tile>
      <symbol>a</symbol>
      <texture>
        <name>PacMan</name>
        <startX>400</startX>
        <startY>0</startY>
        <width>100</width>
        <height>100</height>
      </texture>
      <properties>
        <walkable>false</walkable>
      </properties>
    </tile>
    <tile>
      <symbol>p</symbol>
      <texture>
        <name>PacMan</name>
        <startX>500</startX>
        <startY>0</startY>
        <width>100</width>
        <height>100</height>
      </texture>
      <properties>
        <walkable>false</walkable>
      </properties>
    </tile>
    <tile>
      <symbol>b</symbol>
      <texture>
        <name>PacMan</name>
        <startX>0</startX>
        <startY>100</startY>
        <width>100</width>
        <height>100</height>
      </texture>
      <properties>
        <walkable>false</walkable>
      </properties>
    </tile>
    <tile>
      <symbol>o</symbol>
      <texture>
        <name>PacMan</name>
        <startX>100</startX>
        <startY>100</startY>
        <width>100</width>
        <height>100</height>
      </texture>
      <properties>
        <walkable>false</walkable>
      </properties>
    </tile>
    <tile>
      <symbol>c</symbol>
      <texture>
        <name>PacMan</name>
        <startX>200</startX>
        <startY>100</startY>
        <width>100</width>
        <height>100</height>
      </texture>
      <properties>
        <walkable>false</walkable>
      </properties>
    </tile>
    <tile>
      <symbol>d</symbol>
      <texture>
        <name>PacMan</name>
        <startX>300</startX>
        <startY>100</startY>
        <width>100</width>
        <height>100</height>
      </texture>
      <properties>
        <walkable>false</walkable>
      </properties>
    </tile>
    <tile>
      <symbol>e</symbol>
      <texture>
        <name>PacMan</name>
        <startX>400</startX>
        <startY>100</startY>
        <width>100</width>
        <height>100</height>
      </texture>
      <properties>
        <walkable>false</walkable>
      </properties>
    </tile>
    <tile>
      <symbol>f</symbol>
      <texture>
        <name>PacMan</name>
        <startX>500</startX>
        <startY>100</startY>
        <width>100</width>
        <height>100</height>
      </texture>
      <properties>
        <walkable>false</walkable>
      </properties>
    </tile>
    <tile>
      <symbol>|</symbol>
      <texture>
        <name>PacMan</name>
        <startX>0</startX>
        <startY>200</startY>
        <width>100</width>
        <height>100</height>
      </texture>
      <properties>
        <walkable>false</walkable>
      </properties>
    </tile>
    <tile>
      <symbol>g</symbol>
      <texture>
        <name>PacMan</name>
        <startX>100</startX>
        <startY>200</startY>
        <width>100</width>
        <height>100</height>
      </texture>
      <properties>
        <walkable>false</walkable>
      </properties>
    </tile>
    <tile>
      <symbol>z</symbol>
      <texture>
        <name>PacMan</name>
        <startX>200</startX>
        <startY>200</startY>
        <width>100</width>
        <height>100</height>
      </texture>
      <properties>
        <walkable>false</walkable>
      </properties>
    </tile>
    <tile>
      <symbol>h</symbol>
      <texture>
        <name>PacMan</name>
        <startX>300</startX>
        <startY>200</startY>
        <width>100</width>
        <height>100</height>
      </texture>
      <properties>
        <walkable>false</walkable>
      </properties>
    </tile>
    <tile>
      <symbol>i</symbol>
      <texture>
        <name>PacMan</name>
        <startX>400</startX>
        <startY>200</startY>
        <width>100</width>
        <height>100</height>
      </texture>
      <properties>
        <walkable>false</walkable>
      </properties>
    </tile>
    <tile>
      <symbol>j</symbol>
      <texture>
        <name>PacMan</name>
        <startX>500</startX>
        <startY>200</startY>
        <width>100</width>
        <height>100</height>
      </texture>
      <properties>
        <walkable>false</walkable>
      </properties>
    </tile>
    <tile>
      <symbol>k</symbol>
      <texture>
        <name>PacMan</name>
        <startX>0</startX>
        <startY>300</startY>
        <width>100</width>
        <height>100</height>
      </texture>
      <properties>
        <walkable>false</walkable>
      </properties>
    </tile>
    <tile>
      <symbol>m</symbol>
      <texture>
        <name>PacMan</name>
        <startX>0</startX>
        <startY>400</startY>
        <width>100</width>
        <height>100</height>
      </texture>
      <properties>
        <walkable>false</walkable>
      </properties>
    </tile>
  </tiles>
	
	<level>
		<name>Level 1</name>
    <tile>
      <startX>200</startX>
      <startY>50</startY>
      <height>15</height>
      <width>15</width>
    </tile>
		<layout>
      <row>r------------bb------------7</row>
      <row>|************kk************|</row>
      <row>|*zmmh*zmmmh*kk*zmmmh*zmmh*|</row>
      <row>|ok  k*k   k*kk*k   k*k  ko|</row>
      <row>|*immj*immmj*ij*immmj*immj*|</row>
      <row>|**************************|</row>
      <row>|*zmmh*zh*zmmmmmmh*zh*zmmh*|</row>
      <row>|*immj*kk*immdcmmj*kk*immj*|</row>
      <row>|******kk****kk****kk******|</row>
      <row>a----7*kemmh kk zmmfk*r----p</row>
      <row>     |*kcmmj ij emmhk*|     </row>
      <row>     |*kk          kk*|     </row>
      <row>     |*kk cmmmmmmd kk*|     </row>
      <row>-----p*ij k      k ij*a-----</row>
      <row>      *   k      k   *      </row>
      <row>-----7*zh emmmmmmf zh*r-----</row>
      <row>     |*kk          kk*|     </row>
      <row>     |*kk zmmmmmmh kk*|     </row>
      <row>     |*ij immdcmmj ij*|     </row>
      <row>r----p*******kk*******a----7</row>
      <row>|******zmmmh*kk*zmmmh******|</row>
      <row>|*zmmh*immmj*ij*immmj*zmmh*|</row>
      <row>|*imdk*              *kcmj*|</row>
      <row>|o**kk*zh*zmmmmmmh*zh*kk**o|</row>
      <row>|mh*kk*kk*k      k*kk*kk*zm|</row>
      <row>|mj*ij*kk*immdcmmj*kk*ij*im|</row>
      <row>|******kk****kk****kk******|</row>
      <row>|*zmmmmfemmh*kk*zmmfemmmmh*|</row>
      <row>|*immmmmmmmj*ij*immmmmmmmj*|</row>
      <row>|**************************|</row>
      <row>a--------------------------p</row>
    </layout>
  </level> 
</game>